Date,Team,Opponent,ERA,Player,Year
Mar 30,KC,vs CLE,2.25,Michael Wacha,2025
Apr 5,KC,vs BAL,4.66,Michael Wacha,2025
Apr 10,KC,vs MIN,4.20,Michael Wacha,2025
Apr 15,KC,@ NYY,4.35,Michael Wacha,2025
Apr 20,KC,@ DET,4.15,Michael Wacha,2025
Apr 26,KC,vs HOU,3.38,Michael Wacha,2025
May 2,KC,@ BAL,3.52,Michael Wacha,2025
Mar 30,KC,vs CLE,2.25,Michael Wacha,2025
Apr 5,KC,vs BAL,4.66,Michael Wacha,2025
Apr 10,KC,vs MIN,4.20,Michael Wacha,2025
Apr 15,KC,@ NYY,4.35,Michael Wacha,2025
Apr 20,KC,@ DET,4.15,Michael Wacha,2025
Apr 26,KC,vs HOU,3.38,Michael Wacha,2025
May 2,KC,@ BAL,3.52,Michael Wacha,2025
Mar 29,TEX,vs BOS,5.40,Tyler Mahle,2025
Apr 4,TEX,vs TB,1.35,Tyler Mahle,2025
Apr 9,TEX,@ CHC,1.32,Tyler Mahle,2025
Apr 15,TEX,vs LAA,0.92,Tyler Mahle,2025
Apr 20,TEX,vs LAD,0.68,Tyler Mahle,2025
Apr 26,TEX,@ SF,1.14,Tyler Mahle,2025
May 1,TEX,vs ATH,1.19,Tyler Mahle,2025
Mar 29,TEX,vs BOS,5.40,Tyler Mahle,2025
Apr 4,TEX,vs TB,1.35,Tyler Mahle,2025
Apr 9,TEX,@ CHC,1.32,Tyler Mahle,2025
Apr 15,TEX,vs LAA,0.92,Tyler Mahle,2025
Apr 20,TEX,vs LAD,0.68,Tyler Mahle,2025
Apr 26,TEX,@ SF,1.14,Tyler Mahle,2025
May 1,TEX,vs ATH,1.19,Tyler Mahle,2025
Mar 29,TB,vs COL,1.50,Zack Littell,2025
Apr 4,TB,@ TEX,4.15,Zack Littell,2025
Apr 10,TB,vs LAA,6.88,Zack Littell,2025
Apr 16,TB,vs BOS,5.48,Zack Littell,2025
Apr 22,TB,@ AZ,5.28,Zack Littell,2025
Apr 27,TB,@ SD,5.03,Zack Littell,2025
May 3,TB,@ NYY,4.61,Zack Littell,2025
Mar 29,TB,vs COL,1.50,Zack Littell,2025
Apr 4,TB,@ TEX,4.15,Zack Littell,2025
Apr 10,TB,vs LAA,6.88,Zack Littell,2025
Apr 16,TB,vs BOS,5.48,Zack Littell,2025
Apr 22,TB,@ AZ,5.28,Zack Littell,2025
Apr 27,TB,@ SD,5.03,Zack Littell,2025
May 3,TB,@ NYY,4.61,Zack Littell,2025
Mar 30,TB,vs COL,3.00,Taj Bradley,2025
Apr 5,TB,@ TEX,4.91,Taj Bradley,2025
Apr 11,TB,vs ATL,3.71,Taj Bradley,2025
Apr 17,TB,vs NYY,5.24,Taj Bradley,2025
Apr 23,TB,@ AZ,5.08,Taj Bradley,2025
Apr 29,TB,vs KC,4.58,Taj Bradley,2025
May 4,TB,@ NYY,4.43,Taj Bradley,2025
Mar 30,TB,vs COL,3.00,Taj Bradley,2025
Apr 5,TB,@ TEX,4.91,Taj Bradley,2025
Apr 11,TB,vs ATL,3.71,Taj Bradley,2025
Apr 17,TB,vs NYY,5.24,Taj Bradley,2025
Apr 23,TB,@ AZ,5.08,Taj Bradley,2025
Apr 29,TB,vs KC,4.58,Taj Bradley,2025
May 4,TB,@ NYY,4.43,Taj Bradley,2025
Mar 31,KC,@ MIL,0.00,Kris Bubic,2025
Apr 6,KC,vs BAL,0.00,Kris Bubic,2025
Apr 11,KC,@ CLE,0.96,Kris Bubic,2025
Apr 16,KC,@ NYY,1.88,Kris Bubic,2025
Apr 22,KC,vs COL,1.45,Kris Bubic,2025
Apr 27,KC,vs HOU,2.25,Kris Bubic,2025
May 3,KC,@ BAL,1.98,Kris Bubic,2025
Mar 31,KC,@ MIL,0.00,Kris Bubic,2025
Apr 6,KC,vs BAL,0.00,Kris Bubic,2025
Apr 11,KC,@ CLE,0.96,Kris Bubic,2025
Apr 16,KC,@ NYY,1.88,Kris Bubic,2025
Apr 22,KC,vs COL,1.45,Kris Bubic,2025
Apr 27,KC,vs HOU,2.25,Kris Bubic,2025
May 3,KC,@ BAL,1.98,Kris Bubic,2025
Apr 1,TB,vs PIT,0.00,Shane Baz,2025
Apr 8,TB,vs LAA,1.38,Shane Baz,2025
Apr 14,TB,vs BOS,1.42,Shane Baz,2025
Apr 19,TB,vs NYY,3.22,Shane Baz,2025
Apr 25,TB,@ SD,2.45,Shane Baz,2025
May 1,TB,vs KC,3.86,Shane Baz,2025
Apr 1,TB,vs PIT,0.00,Shane Baz,2025
Apr 8,TB,vs LAA,1.38,Shane Baz,2025
Apr 14,TB,vs BOS,1.42,Shane Baz,2025
Apr 19,TB,vs NYY,3.22,Shane Baz,2025
Apr 25,TB,@ SD,2.45,Shane Baz,2025
May 1,TB,vs KC,3.86,Shane Baz,2025
Apr 8,TEX,@ CHC,6.75,Patrick Corbin,2025
Apr 16,TEX,vs LAA,3.86,Patrick Corbin,2025
Apr 22,TEX,@ ATH,3.77,Patrick Corbin,2025
Apr 28,TEX,vs ATH,3.79,Patrick Corbin,2025
May 3,TEX,vs SEA,3.28,Patrick Corbin,2025
Apr 8,TEX,@ CHC,6.75,Patrick Corbin,2025
Apr 16,TEX,vs LAA,3.86,Patrick Corbin,2025
Apr 22,TEX,@ ATH,3.77,Patrick Corbin,2025
Apr 28,TEX,vs ATH,3.79,Patrick Corbin,2025
May 3,TEX,vs SEA,3.28,Patrick Corbin,2025
Apr 10,MIL,@ COL,1.80,Quinn Priester,2025
Apr 15,MIL,vs DET,0.90,Quinn Priester,2025
Apr 21,MIL,@ SF,1.93,Quinn Priester,2025
Apr 26,MIL,@ STL,3.79,Quinn Priester,2025
May 2,MIL,vs CHC,5.79,Quinn Priester,2025
Apr 10,MIL,@ COL,1.80,Quinn Priester,2025
Apr 15,MIL,vs DET,0.90,Quinn Priester,2025
Apr 21,MIL,@ SF,1.93,Quinn Priester,2025
Apr 26,MIL,@ STL,3.79,Quinn Priester,2025
May 2,MIL,vs CHC,5.79,Quinn Priester,2025
Mar 27,TOR,vs BAL,27.00,Yariel Rodriguez,2025
Mar 30,TOR,vs BAL,13.50,Yariel Rodriguez,2025
Apr 1,TOR,vs WSH,12.00,Yariel Rodriguez,2025
Apr 4,TOR,@ NYM,9.00,Yariel Rodriguez,2025
Apr 8,TOR,@ BOS,9.64,Yariel Rodriguez,2025
Apr 12,TOR,@ BAL,8.44,Yariel Rodriguez,2025
Apr 14,TOR,vs ATL,6.14,Yariel Rodriguez,2025
Apr 19,TOR,vs SEA,4.82,Yariel Rodriguez,2025
Apr 22,TOR,@ HOU,5.23,Yariel Rodriguez,2025
Apr 27,TOR,@ NYY,4.63,Yariel Rodriguez,2025
Apr 30,TOR,vs BOS,5.68,Yariel Rodriguez,2025
May 3,TOR,vs CLE,5.54,Yariel Rodriguez,2025
May 4,TOR,vs CLE,5.65,Yariel Rodriguez,2025
Mar 27,TOR,vs BAL,27.00,Yariel Rodriguez,2025
Mar 30,TOR,vs BAL,13.50,Yariel Rodriguez,2025
Apr 1,TOR,vs WSH,12.00,Yariel Rodriguez,2025
Apr 4,TOR,@ NYM,9.00,Yariel Rodriguez,2025
Apr 8,TOR,@ BOS,9.64,Yariel Rodriguez,2025
Apr 12,TOR,@ BAL,8.44,Yariel Rodriguez,2025
Apr 14,TOR,vs ATL,6.14,Yariel Rodriguez,2025
Apr 19,TOR,vs SEA,4.82,Yariel Rodriguez,2025
Apr 22,TOR,@ HOU,5.23,Yariel Rodriguez,2025
Apr 27,TOR,@ NYY,4.63,Yariel Rodriguez,2025
Apr 30,TOR,vs BOS,5.68,Yariel Rodriguez,2025
May 3,TOR,vs CLE,5.54,Yariel Rodriguez,2025
May 4,TOR,vs CLE,5.65,Yariel Rodriguez,2025
Mar 31,CWS,vs MIN,0.00,Martin Perez,2025
Apr 6,CWS,@ DET,0.73,Martin Perez,2025
Apr 12,CWS,vs BOS,1.59,Martin Perez,2025
Apr 18,CWS,@ BOS,3.15,Martin Perez,2025
Mar 31,CWS,vs MIN,0.00,Martin Perez,2025
Apr 6,CWS,@ DET,0.73,Martin Perez,2025
Apr 12,CWS,vs BOS,1.59,Martin Perez,2025
Apr 18,CWS,@ BOS,3.15,Martin Perez,2025
Mar 30,COL,@ TB,3.60,Ryan Feltner,2025
Apr 4,COL,vs ATH,3.60,Ryan Feltner,2025
Apr 10,COL,vs MIL,2.81,Ryan Feltner,2025
Apr 15,COL,@ LAD,4.82,Ryan Feltner,2025
Apr 22,COL,@ KC,3.86,Ryan Feltner,2025
Apr 28,COL,vs ATL,4.75,Ryan Feltner,2025
Mar 30,COL,@ TB,3.60,Ryan Feltner,2025
Apr 4,COL,vs ATH,3.60,Ryan Feltner,2025
Apr 10,COL,vs MIL,2.81,Ryan Feltner,2025
Apr 15,COL,@ LAD,4.82,Ryan Feltner,2025
Apr 22,COL,@ KC,3.86,Ryan Feltner,2025
Apr 28,COL,vs ATL,4.75,Ryan Feltner,2025
Mar 29,SD,vs ATL,0.00,Randy Vasquez,2025
Apr 4,SD,@ CHC,1.69,Randy Vasquez,2025
Apr 9,SD,@ ATH,1.72,Randy Vasquez,2025
Apr 15,SD,vs CHC,1.74,Randy Vasquez,2025
Apr 21,SD,@ DET,3.97,Randy Vasquez,2025
Apr 27,SD,vs TB,4.28,Randy Vasquez,2025
May 3,SD,@ PIT,3.90,Randy Vasquez,2025
Mar 29,SD,vs ATL,0.00,Randy Vasquez,2025
Apr 4,SD,@ CHC,1.69,Randy Vasquez,2025
Apr 9,SD,@ ATH,1.72,Randy Vasquez,2025
Apr 15,SD,vs CHC,1.74,Randy Vasquez,2025
Apr 21,SD,@ DET,3.97,Randy Vasquez,2025
Apr 27,SD,vs TB,4.28,Randy Vasquez,2025
May 3,SD,@ PIT,3.90,Randy Vasquez,2025
Mar 31,PHI,vs COL,1.69,Cristopher Sanchez,2025
Apr 6,PHI,vs LAD,4.09,Cristopher Sanchez,2025
Apr 12,PHI,@ STL,3.12,Cristopher Sanchez,2025
Apr 17,PHI,vs SF,2.96,Cristopher Sanchez,2025
Apr 22,PHI,@ NYM,3.42,Cristopher Sanchez,2025
Apr 30,PHI,vs WSH,3.45,Cristopher Sanchez,2025
Mar 31,PHI,vs COL,1.69,Cristopher Sanchez,2025
Apr 6,PHI,vs LAD,4.09,Cristopher Sanchez,2025
Apr 12,PHI,@ STL,3.12,Cristopher Sanchez,2025
Apr 17,PHI,vs SF,2.96,Cristopher Sanchez,2025
Apr 22,PHI,@ NYM,3.42,Cristopher Sanchez,2025
Apr 30,PHI,vs WSH,3.45,Cristopher Sanchez,2025
Mar 29,LAA,@ CWS,0.00,Jose Soriano,2025
Apr 4,LAA,vs CLE,3.65,Jose Soriano,2025
Apr 10,LAA,@ TB,2.70,Jose Soriano,2025
Apr 16,LAA,@ TEX,3.16,Jose Soriano,2025
Apr 22,LAA,vs PIT,4.34,Jose Soriano,2025
Apr 27,LAA,@ MIN,4.50,Jose Soriano,2025
May 2,LAA,vs DET,3.83,Jose Soriano,2025
Mar 29,LAA,@ CWS,0.00,Jose Soriano,2025
Apr 4,LAA,vs CLE,3.65,Jose Soriano,2025
Apr 10,LAA,@ TB,2.70,Jose Soriano,2025
Apr 16,LAA,@ TEX,3.16,Jose Soriano,2025
Apr 22,LAA,vs PIT,4.34,Jose Soriano,2025
Apr 27,LAA,@ MIN,4.50,Jose Soriano,2025
May 2,LAA,vs DET,3.83,Jose Soriano,2025
Mar 27,SD,vs ATL,10.13,Michael King,2025
Apr 1,SD,vs CLE,3.52,Michael King,2025
Apr 7,SD,@ ATH,4.05,Michael King,2025
Apr 13,SD,vs COL,2.42,Michael King,2025
Apr 19,SD,@ HOU,2.57,Michael King,2025
Apr 25,SD,vs TB,2.18,Michael King,2025
Apr 30,SD,vs SF,2.09,Michael King,2025
Mar 27,SD,vs ATL,10.13,Michael King,2025
Apr 1,SD,vs CLE,3.52,Michael King,2025
Apr 7,SD,@ ATH,4.05,Michael King,2025
Apr 13,SD,vs COL,2.42,Michael King,2025
Apr 19,SD,@ HOU,2.57,Michael King,2025
Apr 25,SD,vs TB,2.18,Michael King,2025
Apr 30,SD,vs SF,2.09,Michael King,2025
Mar 31,LAD,vs ATL,0.00,Tyler Glasnow,2025
Apr 6,LAD,@ PHI,6.43,Tyler Glasnow,2025
Apr 13,LAD,vs CHC,4.85,Tyler Glasnow,2025
Apr 20,LAD,@ TEX,3.71,Tyler Glasnow,2025
Apr 27,LAD,vs PIT,4.50,Tyler Glasnow,2025
Mar 31,LAD,vs ATL,0.00,Tyler Glasnow,2025
Apr 6,LAD,@ PHI,6.43,Tyler Glasnow,2025
Apr 13,LAD,vs CHC,4.85,Tyler Glasnow,2025
Apr 20,LAD,@ TEX,3.71,Tyler Glasnow,2025
Apr 27,LAD,vs PIT,4.50,Tyler Glasnow,2025
Mar 31,TB,vs PIT,0.00,Drew Rasmussen,2025
Apr 6,TB,@ TEX,0.90,Drew Rasmussen,2025
Apr 12,TB,vs ATL,0.60,Drew Rasmussen,2025
Apr 18,TB,vs NYY,0.87,Drew Rasmussen,2025
Apr 24,TB,@ AZ,2.10,Drew Rasmussen,2025
Apr 30,TB,vs KC,2.64,Drew Rasmussen,2025
Mar 31,TB,vs PIT,0.00,Drew Rasmussen,2025
Apr 6,TB,@ TEX,0.90,Drew Rasmussen,2025
Apr 12,TB,vs ATL,0.60,Drew Rasmussen,2025
Apr 18,TB,vs NYY,0.87,Drew Rasmussen,2025
Apr 24,TB,@ AZ,2.10,Drew Rasmussen,2025
Apr 30,TB,vs KC,2.64,Drew Rasmussen,2025
Mar 18,CHC,vs LAD,0.00,Shota Imanaga,2025
Mar 29,CHC,@ AZ,0.82,Shota Imanaga,2025
Apr 4,CHC,vs SD,0.98,Shota Imanaga,2025
Apr 9,CHC,vs TEX,2.70,Shota Imanaga,2025
Apr 15,CHC,@ SD,2.22,Shota Imanaga,2025
Apr 22,CHC,vs LAD,3.18,Shota Imanaga,2025
Apr 29,CHC,@ PIT,2.77,Shota Imanaga,2025
May 4,CHC,@ MIL,2.82,Shota Imanaga,2025
Mar 18,CHC,vs LAD,0.00,Shota Imanaga,2025
Mar 29,CHC,@ AZ,0.82,Shota Imanaga,2025
Apr 4,CHC,vs SD,0.98,Shota Imanaga,2025
Apr 9,CHC,vs TEX,2.70,Shota Imanaga,2025
Apr 15,CHC,@ SD,2.22,Shota Imanaga,2025
Apr 22,CHC,vs LAD,3.18,Shota Imanaga,2025
Apr 29,CHC,@ PIT,2.77,Shota Imanaga,2025
May 4,CHC,@ MIL,2.82,Shota Imanaga,2025
Apr 2,SF,@ HOU,6.75,Landen Roupp,2025
Apr 8,SF,vs CIN,3.60,Landen Roupp,2025
Apr 14,SF,@ PHI,4.80,Landen Roupp,2025
Apr 19,SF,@ LAA,4.09,Landen Roupp,2025
Apr 24,SF,vs MIL,4.56,Landen Roupp,2025
Apr 30,SF,@ SD,5.10,Landen Roupp,2025
Apr 2,SF,@ HOU,6.75,Landen Roupp,2025
Apr 8,SF,vs CIN,3.60,Landen Roupp,2025
Apr 14,SF,@ PHI,4.80,Landen Roupp,2025
Apr 19,SF,@ LAA,4.09,Landen Roupp,2025
Apr 24,SF,vs MIL,4.56,Landen Roupp,2025
Apr 30,SF,@ SD,5.10,Landen Roupp,2025
Mar 27,MIL,@ NYY,0.00,Tyler Alexander,2025
Mar 30,MIL,@ NYY,5.40,Tyler Alexander,2025
Apr 4,MIL,vs CIN,2.00,Tyler Alexander,2025
Apr 9,MIL,@ COL,2.84,Tyler Alexander,2025
Apr 14,MIL,vs DET,4.32,Tyler Alexander,2025
Apr 20,MIL,vs ATH,3.66,Tyler Alexander,2025
Apr 24,MIL,@ SF,4.50,Tyler Alexander,2025
Apr 25,MIL,@ STL,4.71,Tyler Alexander,2025
Apr 30,MIL,@ CWS,4.56,Tyler Alexander,2025
May 2,MIL,vs CHC,5.18,Tyler Alexander,2025
Mar 27,MIL,@ NYY,0.00,Tyler Alexander,2025
Mar 30,MIL,@ NYY,5.40,Tyler Alexander,2025
Apr 4,MIL,vs CIN,2.00,Tyler Alexander,2025
Apr 9,MIL,@ COL,2.84,Tyler Alexander,2025
Apr 14,MIL,vs DET,4.32,Tyler Alexander,2025
Apr 20,MIL,vs ATH,3.66,Tyler Alexander,2025
Apr 24,MIL,@ SF,4.50,Tyler Alexander,2025
Apr 25,MIL,@ STL,4.71,Tyler Alexander,2025
Apr 30,MIL,@ CWS,4.56,Tyler Alexander,2025
May 2,MIL,vs CHC,5.18,Tyler Alexander,2025
Mar 30,SF,@ CIN,5.06,Robbie Ray,2025
Apr 5,SF,vs SEA,3.18,Robbie Ray,2025
Apr 11,SF,@ NYY,2.93,Robbie Ray,2025
Apr 16,SF,@ PHI,4.19,Robbie Ray,2025
Apr 21,SF,vs MIL,4.07,Robbie Ray,2025
Apr 26,SF,vs TEX,3.73,Robbie Ray,2025
May 2,SF,vs COL,3.05,Robbie Ray,2025
Mar 30,SF,@ CIN,5.06,Robbie Ray,2025
Apr 5,SF,vs SEA,3.18,Robbie Ray,2025
Apr 11,SF,@ NYY,2.93,Robbie Ray,2025
Apr 16,SF,@ PHI,4.19,Robbie Ray,2025
Apr 21,SF,vs MIL,4.07,Robbie Ray,2025
Apr 26,SF,vs TEX,3.73,Robbie Ray,2025
May 2,SF,vs COL,3.05,Robbie Ray,2025
Mar 27,MIA,vs PIT,3.86,Sandy Alcantara,2025
Apr 1,MIA,vs NYM,3.72,Sandy Alcantara,2025
Apr 12,MIA,vs WSH,4.70,Sandy Alcantara,2025
Apr 18,MIA,@ PHI,7.27,Sandy Alcantara,2025
Apr 23,MIA,vs CIN,6.56,Sandy Alcantara,2025
Apr 29,MIA,@ LAD,8.31,Sandy Alcantara,2025
Mar 27,MIA,vs PIT,3.86,Sandy Alcantara,2025
Apr 1,MIA,vs NYM,3.72,Sandy Alcantara,2025
Apr 12,MIA,vs WSH,4.70,Sandy Alcantara,2025
Apr 18,MIA,@ PHI,7.27,Sandy Alcantara,2025
Apr 23,MIA,vs CIN,6.56,Sandy Alcantara,2025
Apr 29,MIA,@ LAD,8.31,Sandy Alcantara,2025
Mar 29,ATL,@ SD,0.00,Spencer Schwellenbach,2025
Apr 4,ATL,vs MIA,0.00,Spencer Schwellenbach,2025
Apr 10,ATL,vs PHI,0.45,Spencer Schwellenbach,2025
Apr 15,ATL,@ TOR,2.55,Spencer Schwellenbach,2025
Apr 21,ATL,vs STL,2.56,Spencer Schwellenbach,2025
Apr 27,ATL,@ AZ,2.87,Spencer Schwellenbach,2025
May 3,ATL,vs LAD,3.92,Spencer Schwellenbach,2025
Mar 29,ATL,@ SD,0.00,Spencer Schwellenbach,2025
Apr 4,ATL,vs MIA,0.00,Spencer Schwellenbach,2025
Apr 10,ATL,vs PHI,0.45,Spencer Schwellenbach,2025
Apr 15,ATL,@ TOR,2.55,Spencer Schwellenbach,2025
Apr 21,ATL,vs STL,2.56,Spencer Schwellenbach,2025
Apr 27,ATL,@ AZ,2.87,Spencer Schwellenbach,2025
May 3,ATL,vs LAD,3.92,Spencer Schwellenbach,2025
Apr 1,CWS,vs MIN,3.18,Shane Smith,2025
Apr 8,CWS,@ CLE,1.54,Shane Smith,2025
Apr 13,CWS,vs BOS,2.04,Shane Smith,2025
Apr 19,CWS,@ BOS,2.82,Shane Smith,2025
Apr 24,CWS,@ MIN,2.30,Shane Smith,2025
Apr 30,CWS,vs MIL,2.23,Shane Smith,2025
Apr 1,CWS,vs MIN,3.18,Shane Smith,2025
Apr 8,CWS,@ CLE,1.54,Shane Smith,2025
Apr 13,CWS,vs BOS,2.04,Shane Smith,2025
Apr 19,CWS,@ BOS,2.82,Shane Smith,2025
Apr 24,CWS,@ MIN,2.30,Shane Smith,2025
Apr 30,CWS,vs MIL,2.23,Shane Smith,2025
Mar 27,LAA,@ CWS,4.50,Yusei Kikuchi,2025
Apr 2,LAA,@ STL,4.50,Yusei Kikuchi,2025
Apr 9,LAA,@ TB,5.00,Yusei Kikuchi,2025
Apr 15,LAA,@ TEX,4.13,Yusei Kikuchi,2025
Apr 20,LAA,vs SF,3.38,Yusei Kikuchi,2025
Apr 26,LAA,@ MIN,4.31,Yusei Kikuchi,2025
May 1,LAA,vs DET,4.21,Yusei Kikuchi,2025
Mar 27,LAA,@ CWS,4.50,Yusei Kikuchi,2025
Apr 2,LAA,@ STL,4.50,Yusei Kikuchi,2025
Apr 9,LAA,@ TB,5.00,Yusei Kikuchi,2025
Apr 15,LAA,@ TEX,4.13,Yusei Kikuchi,2025
Apr 20,LAA,vs SF,3.38,Yusei Kikuchi,2025
Apr 26,LAA,@ MIN,4.31,Yusei Kikuchi,2025
May 1,LAA,vs DET,4.21,Yusei Kikuchi,2025
Apr 1,WSH,@ TOR,5.40,Trevor Williams,2025
Apr 6,WSH,vs AZ,5.40,Trevor Williams,2025
Apr 12,WSH,@ MIA,7.36,Trevor Williams,2025
Apr 17,WSH,@ PIT,5.95,Trevor Williams,2025
Apr 23,WSH,vs BAL,5.11,Trevor Williams,2025
Apr 28,WSH,vs NYM,5.70,Trevor Williams,2025
May 3,WSH,@ CIN,5.86,Trevor Williams,2025
Apr 1,WSH,@ TOR,5.40,Trevor Williams,2025
Apr 6,WSH,vs AZ,5.40,Trevor Williams,2025
Apr 12,WSH,@ MIA,7.36,Trevor Williams,2025
Apr 17,WSH,@ PIT,5.95,Trevor Williams,2025
Apr 23,WSH,vs BAL,5.11,Trevor Williams,2025
Apr 28,WSH,vs NYM,5.70,Trevor Williams,2025
May 3,WSH,@ CIN,5.86,Trevor Williams,2025
Mar 28,BOS,@ TEX,6.35,Tanner Houck,2025
Apr 3,BOS,@ BAL,6.52,Tanner Houck,2025
Apr 9,BOS,vs TOR,4.41,Tanner Houck,2025
Apr 14,BOS,@ TB,9.16,Tanner Houck,2025
Apr 20,BOS,vs CWS,7.66,Tanner Houck,2025
Apr 26,BOS,@ CLE,7.58,Tanner Houck,2025
May 1,BOS,@ TOR,6.38,Tanner Houck,2025
Mar 28,BOS,@ TEX,6.35,Tanner Houck,2025
Apr 3,BOS,@ BAL,6.52,Tanner Houck,2025
Apr 9,BOS,vs TOR,4.41,Tanner Houck,2025
Apr 14,BOS,@ TB,9.16,Tanner Houck,2025
Apr 20,BOS,vs CWS,7.66,Tanner Houck,2025
Apr 26,BOS,@ CLE,7.58,Tanner Houck,2025
May 1,BOS,@ TOR,6.38,Tanner Houck,2025
Mar 29,KC,vs CLE,5.40,Seth Lugo,2025
Apr 4,KC,vs BAL,3.27,Seth Lugo,2025
Apr 9,KC,vs MIN,3.24,Seth Lugo,2025
Apr 14,KC,@ NYY,3.86,Seth Lugo,2025
Apr 19,KC,@ DET,3.90,Seth Lugo,2025
Apr 25,KC,vs HOU,3.08,Seth Lugo,2025
May 1,KC,@ TB,3.07,Seth Lugo,2025
Mar 29,KC,vs CLE,5.40,Seth Lugo,2025
Apr 4,KC,vs BAL,3.27,Seth Lugo,2025
Apr 9,KC,vs MIN,3.24,Seth Lugo,2025
Apr 14,KC,@ NYY,3.86,Seth Lugo,2025
Apr 19,KC,@ DET,3.90,Seth Lugo,2025
Apr 25,KC,vs HOU,3.08,Seth Lugo,2025
May 1,KC,@ TB,3.07,Seth Lugo,2025
Mar 27,DET,@ LAD,7.20,Tarik Skubal,2025
Apr 2,DET,@ SEA,5.91,Tarik Skubal,2025
Apr 8,DET,vs NYY,3.78,Tarik Skubal,2025
Apr 14,DET,@ MIL,2.66,Tarik Skubal,2025
Apr 20,DET,vs KC,2.83,Tarik Skubal,2025
Apr 27,DET,vs BAL,2.34,Tarik Skubal,2025
May 2,DET,@ LAA,2.21,Tarik Skubal,2025
Mar 27,DET,@ LAD,7.20,Tarik Skubal,2025
Apr 2,DET,@ SEA,5.91,Tarik Skubal,2025
Apr 8,DET,vs NYY,3.78,Tarik Skubal,2025
Apr 14,DET,@ MIL,2.66,Tarik Skubal,2025
Apr 20,DET,vs KC,2.83,Tarik Skubal,2025
Apr 27,DET,vs BAL,2.34,Tarik Skubal,2025
May 2,DET,@ LAA,2.21,Tarik Skubal,2025
Mar 29,PHI,@ WSH,3.60,Jesus Luzardo,2025
Apr 4,PHI,vs LAD,1.50,Jesus Luzardo,2025
Apr 10,PHI,@ ATL,1.50,Jesus Luzardo,2025
Apr 15,PHI,vs SF,2.31,Jesus Luzardo,2025
Apr 20,PHI,vs MIA,2.08,Jesus Luzardo,2025
Apr 26,PHI,@ CHC,1.73,Jesus Luzardo,2025
May 2,PHI,vs AZ,1.94,Jesus Luzardo,2025
Mar 29,PHI,@ WSH,3.60,Jesus Luzardo,2025
Apr 4,PHI,vs LAD,1.50,Jesus Luzardo,2025
Apr 10,PHI,@ ATL,1.50,Jesus Luzardo,2025
Apr 15,PHI,vs SF,2.31,Jesus Luzardo,2025
Apr 20,PHI,vs MIA,2.08,Jesus Luzardo,2025
Apr 26,PHI,@ CHC,1.73,Jesus Luzardo,2025
May 2,PHI,vs AZ,1.94,Jesus Luzardo,2025
Apr 3,PHI,vs COL,0.00,Taijuan Walker,2025
Apr 9,PHI,@ ATL,0.00,Taijuan Walker,2025
Apr 14,PHI,vs SF,2.30,Taijuan Walker,2025
Apr 19,PHI,vs MIA,2.29,Taijuan Walker,2025
Apr 25,PHI,@ CHC,2.78,Taijuan Walker,2025
May 1,PHI,vs WSH,2.54,Taijuan Walker,2025
Apr 3,PHI,vs COL,0.00,Taijuan Walker,2025
Apr 9,PHI,@ ATL,0.00,Taijuan Walker,2025
Apr 14,PHI,vs SF,2.30,Taijuan Walker,2025
Apr 19,PHI,vs MIA,2.29,Taijuan Walker,2025
Apr 25,PHI,@ CHC,2.78,Taijuan Walker,2025
May 1,PHI,vs WSH,2.54,Taijuan Walker,2025
Mar 31,SF,@ HOU,0.00,Jordan Hicks,2025
Apr 6,SF,vs SEA,2.38,Jordan Hicks,2025
Apr 12,SF,@ NYY,5.87,Jordan Hicks,2025
Apr 17,SF,@ PHI,6.04,Jordan Hicks,2025
Apr 22,SF,vs MIL,6.59,Jordan Hicks,2025
Apr 27,SF,vs TEX,6.12,Jordan Hicks,2025
May 3,SF,vs COL,6.03,Jordan Hicks,2025
Mar 31,SF,@ HOU,0.00,Jordan Hicks,2025
Apr 6,SF,vs SEA,2.38,Jordan Hicks,2025
Apr 12,SF,@ NYY,5.87,Jordan Hicks,2025
Apr 17,SF,@ PHI,6.04,Jordan Hicks,2025
Apr 22,SF,vs MIL,6.59,Jordan Hicks,2025
Apr 27,SF,vs TEX,6.12,Jordan Hicks,2025
May 3,SF,vs COL,6.03,Jordan Hicks,2025
Mar 27,PHI,@ WSH,1.50,Zack Wheeler,2025
Apr 2,PHI,vs COL,1.38,Zack Wheeler,2025
Apr 8,PHI,@ ATL,3.44,Zack Wheeler,2025
Apr 13,PHI,@ STL,4.07,Zack Wheeler,2025
Apr 18,PHI,vs MIA,3.73,Zack Wheeler,2025
Apr 23,PHI,@ NYM,3.62,Zack Wheeler,2025
Apr 29,PHI,vs WSH,3.48,Zack Wheeler,2025
Mar 27,PHI,@ WSH,1.50,Zack Wheeler,2025
Apr 2,PHI,vs COL,1.38,Zack Wheeler,2025
Apr 8,PHI,@ ATL,3.44,Zack Wheeler,2025
Apr 13,PHI,@ STL,4.07,Zack Wheeler,2025
Apr 18,PHI,vs MIA,3.73,Zack Wheeler,2025
Apr 23,PHI,@ NYM,3.62,Zack Wheeler,2025
Apr 29,PHI,vs WSH,3.48,Zack Wheeler,2025
Mar 31,BOS,@ BAL,9.00,Sean Newcomb,2025
Apr 6,BOS,vs STL,5.19,Sean Newcomb,2025
Apr 11,BOS,@ CWS,4.97,Sean Newcomb,2025
Apr 16,BOS,@ TB,3.63,Sean Newcomb,2025
Apr 23,BOS,vs SEA,4.43,Sean Newcomb,2025
Apr 27,BOS,@ CLE,4.24,Sean Newcomb,2025
Mar 31,BOS,@ BAL,9.00,Sean Newcomb,2025
Apr 6,BOS,vs STL,5.19,Sean Newcomb,2025
Apr 11,BOS,@ CWS,4.97,Sean Newcomb,2025
Apr 16,BOS,@ TB,3.63,Sean Newcomb,2025
Apr 23,BOS,vs SEA,4.43,Sean Newcomb,2025
Apr 27,BOS,@ CLE,4.24,Sean Newcomb,2025
Mar 31,HOU,vs SF,5.40,Ronel Blanco,2025
Apr 6,HOU,@ MIN,9.45,Ronel Blanco,2025
Apr 11,HOU,vs LAA,6.94,Ronel Blanco,2025
Apr 16,HOU,@ STL,6.48,Ronel Blanco,2025
Apr 22,HOU,vs TOR,5.01,Ronel Blanco,2025
Apr 28,HOU,vs DET,5.08,Ronel Blanco,2025
Mar 31,HOU,vs SF,5.40,Ronel Blanco,2025
Apr 6,HOU,@ MIN,9.45,Ronel Blanco,2025
Apr 11,HOU,vs LAA,6.94,Ronel Blanco,2025
Apr 16,HOU,@ STL,6.48,Ronel Blanco,2025
Apr 22,HOU,vs TOR,5.01,Ronel Blanco,2025
Apr 28,HOU,vs DET,5.08,Ronel Blanco,2025
Mar 31,LAA,@ STL,5.40,Tyler Anderson,2025
Apr 6,LAA,vs CLE,4.50,Tyler Anderson,2025
Apr 12,LAA,@ HOU,2.87,Tyler Anderson,2025
Apr 18,LAA,vs SF,2.08,Tyler Anderson,2025
Apr 24,LAA,vs PIT,2.60,Tyler Anderson,2025
Apr 30,LAA,@ SEA,2.67,Tyler Anderson,2025
Mar 31,LAA,@ STL,5.40,Tyler Anderson,2025
Apr 6,LAA,vs CLE,4.50,Tyler Anderson,2025
Apr 12,LAA,@ HOU,2.87,Tyler Anderson,2025
Apr 18,LAA,vs SF,2.08,Tyler Anderson,2025
Apr 24,LAA,vs PIT,2.60,Tyler Anderson,2025
Apr 30,LAA,@ SEA,2.67,Tyler Anderson,2025
Mar 29,AZ,vs CHC,4.50,Brandon Pfaadt,2025
Apr 4,AZ,@ WSH,5.25,Brandon Pfaadt,2025
Apr 9,AZ,vs BAL,3.50,Brandon Pfaadt,2025
Apr 16,AZ,@ MIA,3.04,Brandon Pfaadt,2025
Apr 22,AZ,vs TB,2.73,Brandon Pfaadt,2025
Apr 27,AZ,vs ATL,2.78,Brandon Pfaadt,2025
May 3,AZ,@ PHI,3.79,Brandon Pfaadt,2025
Mar 29,AZ,vs CHC,4.50,Brandon Pfaadt,2025
Apr 4,AZ,@ WSH,5.25,Brandon Pfaadt,2025
Apr 9,AZ,vs BAL,3.50,Brandon Pfaadt,2025
Apr 16,AZ,@ MIA,3.04,Brandon Pfaadt,2025
Apr 22,AZ,vs TB,2.73,Brandon Pfaadt,2025
Apr 27,AZ,vs ATL,2.78,Brandon Pfaadt,2025
May 3,AZ,@ PHI,3.79,Brandon Pfaadt,2025
Mar 27,MIN,@ STL,3.60,Pablo Lopez,2025
Apr 2,MIN,@ CWS,2.25,Pablo Lopez,2025
Apr 8,MIN,@ KC,1.62,Pablo Lopez,2025
Apr 25,MIN,vs LAA,2.08,Pablo Lopez,2025
Apr 30,MIN,@ CLE,2.25,Pablo Lopez,2025
Mar 27,MIN,@ STL,3.60,Pablo Lopez,2025
Apr 2,MIN,@ CWS,2.25,Pablo Lopez,2025
Apr 8,MIN,@ KC,1.62,Pablo Lopez,2025
Apr 25,MIN,vs LAA,2.08,Pablo Lopez,2025
Apr 30,MIN,@ CLE,2.25,Pablo Lopez,2025
Mar 27,KC,vs CLE,5.40,Cole Ragans,2025
Apr 2,KC,@ MIL,3.60,Cole Ragans,2025
Apr 8,KC,vs MIN,2.81,Cole Ragans,2025
Apr 13,KC,@ CLE,2.28,Cole Ragans,2025
Apr 18,KC,@ DET,3.58,Cole Ragans,2025
Apr 24,KC,vs COL,4.40,Cole Ragans,2025
Mar 27,KC,vs CLE,5.40,Cole Ragans,2025
Apr 2,KC,@ MIL,3.60,Cole Ragans,2025
Apr 8,KC,vs MIN,2.81,Cole Ragans,2025
Apr 13,KC,@ CLE,2.28,Cole Ragans,2025
Apr 18,KC,@ DET,3.58,Cole Ragans,2025
Apr 24,KC,vs COL,4.40,Cole Ragans,2025
Mar 30,BAL,@ TOR,4.50,Tomoyuki Sugano,2025
Apr 5,BAL,@ KC,2.89,Tomoyuki Sugano,2025
Apr 12,BAL,vs TOR,3.86,Tomoyuki Sugano,2025
Apr 17,BAL,vs CLE,3.43,Tomoyuki Sugano,2025
Apr 23,BAL,@ WSH,3.54,Tomoyuki Sugano,2025
Apr 28,BAL,vs NYY,3.00,Tomoyuki Sugano,2025
May 3,BAL,vs KC,3.00,Tomoyuki Sugano,2025
Mar 30,BAL,@ TOR,4.50,Tomoyuki Sugano,2025
Apr 5,BAL,@ KC,2.89,Tomoyuki Sugano,2025
Apr 12,BAL,vs TOR,3.86,Tomoyuki Sugano,2025
Apr 17,BAL,vs CLE,3.43,Tomoyuki Sugano,2025
Apr 23,BAL,@ WSH,3.54,Tomoyuki Sugano,2025
Apr 28,BAL,vs NYY,3.00,Tomoyuki Sugano,2025
May 3,BAL,vs KC,3.00,Tomoyuki Sugano,2025
Mar 30,ATL,@ SD,4.50,Aj Smith Shawver,2025
Apr 5,ATL,vs MIA,5.19,Aj Smith Shawver,2025
Apr 12,ATL,@ TB,4.61,Aj Smith Shawver,2025
Apr 29,ATL,@ COL,4.26,Aj Smith Shawver,2025
Mar 30,ATL,@ SD,4.50,Aj Smith Shawver,2025
Apr 5,ATL,vs MIA,5.19,Aj Smith Shawver,2025
Apr 12,ATL,@ TB,4.61,Aj Smith Shawver,2025
Apr 29,ATL,@ COL,4.26,Aj Smith Shawver,2025
Mar 27,SF,@ CIN,5.40,Logan Webb,2025
Apr 1,SF,@ HOU,3.00,Logan Webb,2025
Apr 7,SF,vs CIN,1.89,Logan Webb,2025
Apr 13,SF,@ NYY,2.63,Logan Webb,2025
Apr 18,SF,@ LAA,2.40,Logan Webb,2025
Apr 23,SF,vs MIL,1.98,Logan Webb,2025
Apr 29,SF,@ SD,2.83,Logan Webb,2025
May 4,SF,vs COL,2.61,Logan Webb,2025
Mar 27,SF,@ CIN,5.40,Logan Webb,2025
Apr 1,SF,@ HOU,3.00,Logan Webb,2025
Apr 7,SF,vs CIN,1.89,Logan Webb,2025
Apr 13,SF,@ NYY,2.63,Logan Webb,2025
Apr 18,SF,@ LAA,2.40,Logan Webb,2025
Apr 23,SF,vs MIL,1.98,Logan Webb,2025
Apr 29,SF,@ SD,2.83,Logan Webb,2025
May 4,SF,vs COL,2.61,Logan Webb,2025
Mar 31,HOU,vs SF,0.00,Ryan Gusto,2025
Apr 2,HOU,vs SF,2.25,Ryan Gusto,2025
Apr 5,HOU,@ MIN,1.29,Ryan Gusto,2025
Apr 8,HOU,@ SEA,1.13,Ryan Gusto,2025
Apr 12,HOU,vs LAA,3.00,Ryan Gusto,2025
Apr 18,HOU,vs SD,3.18,Ryan Gusto,2025
Apr 23,HOU,vs TOR,2.78,Ryan Gusto,2025
Apr 29,HOU,vs DET,3.00,Ryan Gusto,2025
May 4,HOU,@ CWS,2.93,Ryan Gusto,2025
Mar 31,HOU,vs SF,0.00,Ryan Gusto,2025
Apr 2,HOU,vs SF,2.25,Ryan Gusto,2025
Apr 5,HOU,@ MIN,1.29,Ryan Gusto,2025
Apr 8,HOU,@ SEA,1.13,Ryan Gusto,2025
Apr 12,HOU,vs LAA,3.00,Ryan Gusto,2025
Apr 18,HOU,vs SD,3.18,Ryan Gusto,2025
Apr 23,HOU,vs TOR,2.78,Ryan Gusto,2025
Apr 29,HOU,vs DET,3.00,Ryan Gusto,2025
May 4,HOU,@ CWS,2.93,Ryan Gusto,2025
Mar 28,NYM,@ HOU,1.80,Tylor Megill,2025
Apr 4,NYM,vs TOR,0.87,Tylor Megill,2025
Apr 9,NYM,vs MIA,0.63,Tylor Megill,2025
Apr 15,NYM,@ MIN,1.40,Tylor Megill,2025
Apr 21,NYM,vs PHI,1.09,Tylor Megill,2025
Apr 27,NYM,@ WSH,1.74,Tylor Megill,2025
May 4,NYM,@ STL,2.50,Tylor Megill,2025
Mar 28,NYM,@ HOU,1.80,Tylor Megill,2025
Apr 4,NYM,vs TOR,0.87,Tylor Megill,2025
Apr 9,NYM,vs MIA,0.63,Tylor Megill,2025
Apr 15,NYM,@ MIN,1.40,Tylor Megill,2025
Apr 21,NYM,vs PHI,1.09,Tylor Megill,2025
Apr 27,NYM,@ WSH,1.74,Tylor Megill,2025
May 4,NYM,@ STL,2.50,Tylor Megill,2025
Mar 30,CLE,@ KC,0.00,Tanner Bibee,2025
Apr 5,CLE,@ LAA,6.52,Tanner Bibee,2025
Apr 11,CLE,vs KC,4.40,Tanner Bibee,2025
Apr 17,CLE,@ BAL,5.85,Tanner Bibee,2025
Apr 22,CLE,vs NYY,5.19,Tanner Bibee,2025
Apr 29,CLE,vs MIN,4.36,Tanner Bibee,2025
May 4,CLE,@ TOR,4.26,Tanner Bibee,2025
Mar 30,CLE,@ KC,0.00,Tanner Bibee,2025
Apr 5,CLE,@ LAA,6.52,Tanner Bibee,2025
Apr 11,CLE,vs KC,4.40,Tanner Bibee,2025
Apr 17,CLE,@ BAL,5.85,Tanner Bibee,2025
Apr 22,CLE,vs NYY,5.19,Tanner Bibee,2025
Apr 29,CLE,vs MIN,4.36,Tanner Bibee,2025
May 4,CLE,@ TOR,4.26,Tanner Bibee,2025
Apr 1,AZ,@ NYY,4.15,Corbin Burnes,2025
Apr 6,AZ,@ WSH,5.79,Corbin Burnes,2025
Apr 12,AZ,vs MIL,5.28,Corbin Burnes,2025
Apr 18,AZ,@ CHC,4.64,Corbin Burnes,2025
Apr 24,AZ,vs TB,4.05,Corbin Burnes,2025
Apr 30,AZ,@ NYM,3.58,Corbin Burnes,2025
Apr 1,AZ,@ NYY,4.15,Corbin Burnes,2025
Apr 6,AZ,@ WSH,5.79,Corbin Burnes,2025
Apr 12,AZ,vs MIL,5.28,Corbin Burnes,2025
Apr 18,AZ,@ CHC,4.64,Corbin Burnes,2025
Apr 24,AZ,vs TB,4.05,Corbin Burnes,2025
Apr 30,AZ,@ NYM,3.58,Corbin Burnes,2025
Apr 1,MIN,@ CWS,4.50,Simeon Woods Richardson,2025
Apr 7,MIN,@ KC,5.59,Simeon Woods Richardson,2025
Apr 13,MIN,vs DET,4.30,Simeon Woods Richardson,2025
Apr 19,MIN,@ ATL,4.74,Simeon Woods Richardson,2025
Apr 26,MIN,vs LAA,4.07,Simeon Woods Richardson,2025
May 1,MIN,@ CLE,4.03,Simeon Woods Richardson,2025
Apr 1,MIN,@ CWS,4.50,Simeon Woods Richardson,2025
Apr 7,MIN,@ KC,5.59,Simeon Woods Richardson,2025
Apr 13,MIN,vs DET,4.30,Simeon Woods Richardson,2025
Apr 19,MIN,@ ATL,4.74,Simeon Woods Richardson,2025
Apr 26,MIN,vs LAA,4.07,Simeon Woods Richardson,2025
May 1,MIN,@ CLE,4.03,Simeon Woods Richardson,2025
Mar 28,AZ,vs CHC,1.69,Merrill Kelly,2025
Apr 3,AZ,@ NYY,10.00,Merrill Kelly,2025
Apr 8,AZ,vs BAL,7.20,Merrill Kelly,2025
Apr 15,AZ,@ MIA,5.57,Merrill Kelly,2025
Apr 20,AZ,@ CHC,4.73,Merrill Kelly,2025
Apr 26,AZ,vs ATL,4.41,Merrill Kelly,2025
May 2,AZ,@ PHI,4.06,Merrill Kelly,2025
Mar 28,AZ,vs CHC,1.69,Merrill Kelly,2025
Apr 3,AZ,@ NYY,10.00,Merrill Kelly,2025
Apr 8,AZ,vs BAL,7.20,Merrill Kelly,2025
Apr 15,AZ,@ MIA,5.57,Merrill Kelly,2025
Apr 20,AZ,@ CHC,4.73,Merrill Kelly,2025
Apr 26,AZ,vs ATL,4.41,Merrill Kelly,2025
May 2,AZ,@ PHI,4.06,Merrill Kelly,2025
Mar 28,ATL,@ SD,5.40,Reynaldo Lopez,2025
Mar 28,ATL,@ SD,5.40,Reynaldo Lopez,2025
Mar 29,BOS,@ TEX,8.31,Walker Buehler,2025
Apr 4,BOS,vs STL,8.68,Walker Buehler,2025
Apr 10,BOS,vs TOR,5.74,Walker Buehler,2025
Apr 15,BOS,@ TB,5.23,Walker Buehler,2025
Apr 21,BOS,vs CWS,4.23,Walker Buehler,2025
Apr 26,BOS,@ CLE,4.28,Walker Buehler,2025
Mar 29,BOS,@ TEX,8.31,Walker Buehler,2025
Apr 4,BOS,vs STL,8.68,Walker Buehler,2025
Apr 10,BOS,vs TOR,5.74,Walker Buehler,2025
Apr 15,BOS,@ TB,5.23,Walker Buehler,2025
Apr 21,BOS,vs CWS,4.23,Walker Buehler,2025
Apr 26,BOS,@ CLE,4.28,Walker Buehler,2025
Mar 27,AZ,vs CHC,9.00,Zac Gallen,2025
Apr 2,AZ,@ NYY,3.38,Zac Gallen,2025
Apr 7,AZ,vs BAL,5.28,Zac Gallen,2025
Apr 13,AZ,vs MIL,4.64,Zac Gallen,2025
Apr 19,AZ,@ CHC,5.60,Zac Gallen,2025
Apr 25,AZ,vs ATL,5.57,Zac Gallen,2025
May 1,AZ,@ NYM,4.93,Zac Gallen,2025
Mar 27,AZ,vs CHC,9.00,Zac Gallen,2025
Apr 2,AZ,@ NYY,3.38,Zac Gallen,2025
Apr 7,AZ,vs BAL,5.28,Zac Gallen,2025
Apr 13,AZ,vs MIL,4.64,Zac Gallen,2025
Apr 19,AZ,@ CHC,5.60,Zac Gallen,2025
Apr 25,AZ,vs ATL,5.57,Zac Gallen,2025
May 1,AZ,@ NYM,4.93,Zac Gallen,2025
Mar 29,SF,@ CIN,3.60,Justin Verlander,2025
Apr 4,SF,vs SEA,6.14,Justin Verlander,2025
Apr 9,SF,vs CIN,6.92,Justin Verlander,2025
Apr 15,SF,@ PHI,6.75,Justin Verlander,2025
Apr 20,SF,@ LAA,5.47,Justin Verlander,2025
Apr 25,SF,vs TEX,4.70,Justin Verlander,2025
May 1,SF,vs COL,4.38,Justin Verlander,2025
Mar 29,SF,@ CIN,3.60,Justin Verlander,2025
Apr 4,SF,vs SEA,6.14,Justin Verlander,2025
Apr 9,SF,vs CIN,6.92,Justin Verlander,2025
Apr 15,SF,@ PHI,6.75,Justin Verlander,2025
Apr 20,SF,@ LAA,5.47,Justin Verlander,2025
Apr 25,SF,vs TEX,4.70,Justin Verlander,2025
May 1,SF,vs COL,4.38,Justin Verlander,2025
Mar 31,SD,vs CLE,3.60,Kyle Hart,2025
Apr 6,SD,@ CHC,11.12,Kyle Hart,2025
Apr 12,SD,vs COL,5.40,Kyle Hart,2025
Apr 18,SD,@ HOU,6.48,Kyle Hart,2025
Apr 23,SD,@ DET,6.00,Kyle Hart,2025
Mar 31,SD,vs CLE,3.60,Kyle Hart,2025
Apr 6,SD,@ CHC,11.12,Kyle Hart,2025
Apr 12,SD,vs COL,5.40,Kyle Hart,2025
Apr 18,SD,@ HOU,6.48,Kyle Hart,2025
Apr 23,SD,@ DET,6.00,Kyle Hart,2025
Mar 31,COL,@ PHI,0.00,German Marquez,2025
Apr 5,COL,vs ATH,2.45,German Marquez,2025
Apr 11,COL,@ SD,4.60,German Marquez,2025
Apr 16,COL,@ LAD,8.27,German Marquez,2025
Apr 24,COL,@ KC,9.30,German Marquez,2025
Apr 29,COL,vs ATL,9.82,German Marquez,2025
May 4,COL,@ SF,9.90,German Marquez,2025
Mar 31,COL,@ PHI,0.00,German Marquez,2025
Apr 5,COL,vs ATH,2.45,German Marquez,2025
Apr 11,COL,@ SD,4.60,German Marquez,2025
Apr 16,COL,@ LAD,8.27,German Marquez,2025
Apr 24,COL,@ KC,9.30,German Marquez,2025
Apr 29,COL,vs ATL,9.82,German Marquez,2025
May 4,COL,@ SF,9.90,German Marquez,2025
Mar 30,SD,vs ATL,0.00,Nick Pivetta,2025
Apr 5,SD,@ CHC,2.70,Nick Pivetta,2025
Apr 11,SD,vs COL,1.59,Nick Pivetta,2025
Apr 16,SD,vs CHC,1.57,Nick Pivetta,2025
Apr 22,SD,@ DET,1.20,Nick Pivetta,2025
Apr 29,SD,vs SF,1.78,Nick Pivetta,2025
Mar 30,SD,vs ATL,0.00,Nick Pivetta,2025
Apr 5,SD,@ CHC,2.70,Nick Pivetta,2025
Apr 11,SD,vs COL,1.59,Nick Pivetta,2025
Apr 16,SD,vs CHC,1.57,Nick Pivetta,2025
Apr 22,SD,@ DET,1.20,Nick Pivetta,2025
Apr 29,SD,vs SF,1.78,Nick Pivetta,2025
Mar 28,TB,vs COL,1.50,Ryan Pepiot,2025
Apr 2,TB,vs PIT,2.45,Ryan Pepiot,2025
Apr 9,TB,vs LAA,3.38,Ryan Pepiot,2025
Apr 15,TB,vs BOS,4.91,Ryan Pepiot,2025
Apr 20,TB,vs NYY,4.82,Ryan Pepiot,2025
Apr 26,TB,@ SD,4.24,Ryan Pepiot,2025
May 2,TB,@ NYY,4.23,Ryan Pepiot,2025
Mar 28,TB,vs COL,1.50,Ryan Pepiot,2025
Apr 2,TB,vs PIT,2.45,Ryan Pepiot,2025
Apr 9,TB,vs LAA,3.38,Ryan Pepiot,2025
Apr 15,TB,vs BOS,4.91,Ryan Pepiot,2025
Apr 20,TB,vs NYY,4.82,Ryan Pepiot,2025
Apr 26,TB,@ SD,4.24,Ryan Pepiot,2025
May 2,TB,@ NYY,4.23,Ryan Pepiot,2025
Mar 27,CWS,vs LAA,0.00,Sean Burke,2025
Apr 2,CWS,vs MIN,5.23,Sean Burke,2025
Apr 9,CWS,@ CLE,6.08,Sean Burke,2025
Apr 15,CWS,vs ATH,7.56,Sean Burke,2025
Apr 20,CWS,@ BOS,6.23,Sean Burke,2025
Apr 25,CWS,@ ATH,6.00,Sean Burke,2025
May 1,CWS,vs MIL,4.91,Sean Burke,2025
Mar 27,CWS,vs LAA,0.00,Sean Burke,2025
Apr 2,CWS,vs MIN,5.23,Sean Burke,2025
Apr 9,CWS,@ CLE,6.08,Sean Burke,2025
Apr 15,CWS,vs ATH,7.56,Sean Burke,2025
Apr 20,CWS,@ BOS,6.23,Sean Burke,2025
Apr 25,CWS,@ ATH,6.00,Sean Burke,2025
May 1,CWS,vs MIL,4.91,Sean Burke,2025
Mar 30,AZ,vs CHC,5.06,Eduardo Rodriguez,2025
Apr 5,AZ,@ WSH,6.10,Eduardo Rodriguez,2025
Apr 11,AZ,vs MIL,4.86,Eduardo Rodriguez,2025
Apr 17,AZ,@ MIA,4.09,Eduardo Rodriguez,2025
Apr 23,AZ,vs TB,4.40,Eduardo Rodriguez,2025
Apr 29,AZ,@ NYM,6.06,Eduardo Rodriguez,2025
May 4,AZ,@ PHI,5.92,Eduardo Rodriguez,2025
Mar 30,AZ,vs CHC,5.06,Eduardo Rodriguez,2025
Apr 5,AZ,@ WSH,6.10,Eduardo Rodriguez,2025
Apr 11,AZ,vs MIL,4.86,Eduardo Rodriguez,2025
Apr 17,AZ,@ MIA,4.09,Eduardo Rodriguez,2025
Apr 23,AZ,vs TB,4.40,Eduardo Rodriguez,2025
Apr 29,AZ,@ NYM,6.06,Eduardo Rodriguez,2025
May 4,AZ,@ PHI,5.92,Eduardo Rodriguez,2025
Mar 27,TOR,vs BAL,10.80,Jose Berrios,2025
Apr 1,TOR,vs WSH,6.75,Jose Berrios,2025
Apr 7,TOR,@ BOS,4.58,Jose Berrios,2025
Apr 13,TOR,@ BAL,5.16,Jose Berrios,2025
Apr 19,TOR,vs SEA,5.02,Jose Berrios,2025
Apr 25,TOR,@ NYY,4.24,Jose Berrios,2025
May 1,TOR,vs BOS,3.98,Jose Berrios,2025
Mar 27,TOR,vs BAL,10.80,Jose Berrios,2025
Apr 1,TOR,vs WSH,6.75,Jose Berrios,2025
Apr 7,TOR,@ BOS,4.58,Jose Berrios,2025
Apr 13,TOR,@ BAL,5.16,Jose Berrios,2025
Apr 19,TOR,vs SEA,5.02,Jose Berrios,2025
Apr 25,TOR,@ NYY,4.24,Jose Berrios,2025
May 1,TOR,vs BOS,3.98,Jose Berrios,2025
Mar 27,STL,vs MIN,3.60,Sonny Gray,2025
Apr 2,STL,vs LAA,5.73,Sonny Gray,2025
Apr 8,STL,@ PIT,4.50,Sonny Gray,2025
Apr 14,STL,vs HOU,3.13,Sonny Gray,2025
Apr 20,STL,@ NYM,3.41,Sonny Gray,2025
Apr 26,STL,vs MIL,3.60,Sonny Gray,2025
May 2,STL,vs NYM,4.12,Sonny Gray,2025
Mar 27,STL,vs MIN,3.60,Sonny Gray,2025
Apr 2,STL,vs LAA,5.73,Sonny Gray,2025
Apr 8,STL,@ PIT,4.50,Sonny Gray,2025
Apr 14,STL,vs HOU,3.13,Sonny Gray,2025
Apr 20,STL,@ NYM,3.41,Sonny Gray,2025
Apr 26,STL,vs MIL,3.60,Sonny Gray,2025
May 2,STL,vs NYM,4.12,Sonny Gray,2025
Mar 27,NYY,vs MIL,1.69,Carlos Rodon,2025
Apr 2,NYY,vs AZ,3.97,Carlos Rodon,2025
Apr 7,NYY,@ DET,5.19,Carlos Rodon,2025
Apr 13,NYY,vs SF,5.48,Carlos Rodon,2025
Apr 18,NYY,@ TB,4.34,Carlos Rodon,2025
Apr 23,NYY,@ CLE,3.50,Carlos Rodon,2025
Apr 29,NYY,@ BAL,3.43,Carlos Rodon,2025
Mar 27,NYY,vs MIL,1.69,Carlos Rodon,2025
Apr 2,NYY,vs AZ,3.97,Carlos Rodon,2025
Apr 7,NYY,@ DET,5.19,Carlos Rodon,2025
Apr 13,NYY,vs SF,5.48,Carlos Rodon,2025
Apr 18,NYY,@ TB,4.34,Carlos Rodon,2025
Apr 23,NYY,@ CLE,3.50,Carlos Rodon,2025
Apr 29,NYY,@ BAL,3.43,Carlos Rodon,2025
Mar 27,NYM,@ HOU,0.00,Huascar Brazoban,2025
Mar 31,NYM,@ MIA,0.00,Huascar Brazoban,2025
Apr 2,NYM,@ MIA,0.00,Huascar Brazoban,2025
Apr 5,NYM,vs TOR,0.00,Huascar Brazoban,2025
Apr 8,NYM,vs MIA,1.08,Huascar Brazoban,2025
Apr 9,NYM,vs MIA,0.96,Huascar Brazoban,2025
Apr 14,NYM,@ MIN,0.79,Huascar Brazoban,2025
Apr 16,NYM,@ MIN,0.73,Huascar Brazoban,2025
Apr 18,NYM,vs STL,1.35,Huascar Brazoban,2025
Apr 22,NYM,vs PHI,1.26,Huascar Brazoban,2025
Apr 23,NYM,vs PHI,1.17,Huascar Brazoban,2025
Apr 25,NYM,@ WSH,1.65,Huascar Brazoban,2025
Apr 27,NYM,@ WSH,1.56,Huascar Brazoban,2025
Apr 30,NYM,vs AZ,1.40,Huascar Brazoban,2025
May 4,NYM,@ STL,1.37,Huascar Brazoban,2025
Mar 27,NYM,@ HOU,0.00,Huascar Brazoban,2025
Mar 31,NYM,@ MIA,0.00,Huascar Brazoban,2025
Apr 2,NYM,@ MIA,0.00,Huascar Brazoban,2025
Apr 5,NYM,vs TOR,0.00,Huascar Brazoban,2025
Apr 8,NYM,vs MIA,1.08,Huascar Brazoban,2025
Apr 9,NYM,vs MIA,0.96,Huascar Brazoban,2025
Apr 14,NYM,@ MIN,0.79,Huascar Brazoban,2025
Apr 16,NYM,@ MIN,0.73,Huascar Brazoban,2025
Apr 18,NYM,vs STL,1.35,Huascar Brazoban,2025
Apr 22,NYM,vs PHI,1.26,Huascar Brazoban,2025
Apr 23,NYM,vs PHI,1.17,Huascar Brazoban,2025
Apr 25,NYM,@ WSH,1.65,Huascar Brazoban,2025
Apr 27,NYM,@ WSH,1.56,Huascar Brazoban,2025
Apr 30,NYM,vs AZ,1.40,Huascar Brazoban,2025
May 4,NYM,@ STL,1.37,Huascar Brazoban,2025
Mar 27,PIT,@ MIA,3.38,Paul Skenes,2025
Apr 2,PIT,@ TB,1.46,Paul Skenes,2025
Apr 8,PIT,vs STL,3.44,Paul Skenes,2025
Apr 14,PIT,vs WSH,2.96,Paul Skenes,2025
Apr 19,PIT,vs CLE,2.87,Paul Skenes,2025
Apr 25,PIT,@ LAD,2.39,Paul Skenes,2025
May 1,PIT,vs CHC,2.74,Paul Skenes,2025
Mar 27,PIT,@ MIA,3.38,Paul Skenes,2025
Apr 2,PIT,@ TB,1.46,Paul Skenes,2025
Apr 8,PIT,vs STL,3.44,Paul Skenes,2025
Apr 14,PIT,vs WSH,2.96,Paul Skenes,2025
Apr 19,PIT,vs CLE,2.87,Paul Skenes,2025
Apr 25,PIT,@ LAD,2.39,Paul Skenes,2025
May 1,PIT,vs CHC,2.74,Paul Skenes,2025
Apr 1,KC,@ MIL,5.06,Michael Lorenzen,2025
Apr 7,KC,vs MIN,3.18,Michael Lorenzen,2025
Apr 12,KC,@ CLE,3.71,Michael Lorenzen,2025
Apr 17,KC,@ DET,4.57,Michael Lorenzen,2025
Apr 24,KC,vs COL,3.90,Michael Lorenzen,2025
Apr 29,KC,@ TB,3.48,Michael Lorenzen,2025
May 4,KC,@ BAL,4.23,Michael Lorenzen,2025
Apr 1,KC,@ MIL,5.06,Michael Lorenzen,2025
Apr 7,KC,vs MIN,3.18,Michael Lorenzen,2025
Apr 12,KC,@ CLE,3.71,Michael Lorenzen,2025
Apr 17,KC,@ DET,4.57,Michael Lorenzen,2025
Apr 24,KC,vs COL,3.90,Michael Lorenzen,2025
Apr 29,KC,@ TB,3.48,Michael Lorenzen,2025
May 4,KC,@ BAL,4.23,Michael Lorenzen,2025
Apr 13,TB,vs ATL,0.00,Joe Boyle,2025
Apr 13,TB,vs ATL,0.00,Joe Boyle,2025
Apr 1,NYY,vs AZ,3.60,Will Warren,2025
Apr 6,NYY,@ PIT,6.00,Will Warren,2025
Apr 12,NYY,vs SF,5.14,Will Warren,2025
Apr 17,NYY,@ TB,5.17,Will Warren,2025
Apr 22,NYY,@ CLE,4.79,Will Warren,2025
Apr 28,NYY,@ BAL,5.63,Will Warren,2025
May 4,NYY,vs TB,5.65,Will Warren,2025
Apr 1,NYY,vs AZ,3.60,Will Warren,2025
Apr 6,NYY,@ PIT,6.00,Will Warren,2025
Apr 12,NYY,vs SF,5.14,Will Warren,2025
Apr 17,NYY,@ TB,5.17,Will Warren,2025
Apr 22,NYY,@ CLE,4.79,Will Warren,2025
Apr 28,NYY,@ BAL,5.63,Will Warren,2025
May 4,NYY,vs TB,5.65,Will Warren,2025
Mar 19,LAD,@ CHC,3.00,Roki Sasaki,2025
Mar 29,LAD,vs DET,5.79,Roki Sasaki,2025
Apr 5,LAD,@ PHI,4.15,Roki Sasaki,2025
Apr 12,LAD,vs CHC,3.29,Roki Sasaki,2025
Apr 19,LAD,@ TEX,3.20,Roki Sasaki,2025
Apr 26,LAD,vs PIT,3.55,Roki Sasaki,2025
May 3,LAD,@ ATL,3.86,Roki Sasaki,2025
Mar 19,LAD,@ CHC,3.00,Roki Sasaki,2025
Mar 29,LAD,vs DET,5.79,Roki Sasaki,2025
Apr 5,LAD,@ PHI,4.15,Roki Sasaki,2025
Apr 12,LAD,vs CHC,3.29,Roki Sasaki,2025
Apr 19,LAD,@ TEX,3.20,Roki Sasaki,2025
Apr 26,LAD,vs PIT,3.55,Roki Sasaki,2025
May 3,LAD,@ ATL,3.86,Roki Sasaki,2025
Mar 28,SD,vs ATL,6.23,Dylan Cease,2025
Apr 2,SD,vs CLE,3.38,Dylan Cease,2025
Apr 8,SD,@ ATH,7.98,Dylan Cease,2025
Apr 14,SD,vs CHC,6.64,Dylan Cease,2025
Apr 20,SD,@ HOU,6.04,Dylan Cease,2025
Apr 26,SD,vs TB,5.76,Dylan Cease,2025
May 2,SD,@ PIT,5.61,Dylan Cease,2025
Mar 28,SD,vs ATL,6.23,Dylan Cease,2025
Apr 2,SD,vs CLE,3.38,Dylan Cease,2025
Apr 8,SD,@ ATH,7.98,Dylan Cease,2025
Apr 14,SD,vs CHC,6.64,Dylan Cease,2025
Apr 20,SD,@ HOU,6.04,Dylan Cease,2025
Apr 26,SD,vs TB,5.76,Dylan Cease,2025
May 2,SD,@ PIT,5.61,Dylan Cease,2025
